Issuer,Sector
Apple Valley RDA,Architecture & Engineering
Getty Museum,Cultural / Nonprofit
LACMA,Cultural / Nonprofit
Sacramento Zoological Sotiety,Cultural / Nonprofit
CMFA,Economic Development
California State of Communities Development Authority,Economic Development
Inglewood Development Agency,Economic Development
Inglewood Redevelopment Agency,Economic Development
Tejon Ranch PFFA,Economic Development
ABC USD,Education
Alameda USD,Education
Allan Hancock CCD,Education
Alum Rock Union ESD,Education
Antelope Valley UHSD,Education
Arcadia USD,Education
Aromas San Juan USD,Education
Bassett USD,Education
Beaumont USD,Education
Berryessa USD,Education
CCD,Education
Cabrillo CCD,Education
California State University,Education
Capistrano SD,Education
Centinela Valley UHSD,Education
Cerritos CCD,Education
Chabot-Las Positas CCD,Education
Chaffey CCD,Education
Chaffey JUHSD,Education
Coachella Valley USD,Education
Coast Community College,Education
Colton Joint USD,Education
Compton CCD,Education
Compton USD,Education
Contra Costa CCD,Education
Cosumness CSD,Education
Covina Valleyy USD,Education
Culver City USD,Education
Cutler-Orosi JUSD,Education
Desert Community College District,Education
Desert Sands USD,Education
Downey USD,Education
EI Camino CCD,Education
EI Monte Union High School District,Education
EI Rancho USD,Education
Eik Grove USD,Education
Evergreen SD,Education
Fresno USD,Education
Garvey SD,Education
Gavilan CCD,Education
Glendale CCD,Education
Grossmont-Cuyamaca Community College Distict,Education
Hacienda La Puente USD,Education
Hermet USD,Education
Imperial CCD,Education
Inglewood USD,Education
Jefferson Union HSD,Education
Jurups USD,Education
Kern CCD,Education
King City USD,Education
LACSTA,Education
Lake Elsinore USD,Education
Lammersville USD,Education
Lancaster School District,Education
Little Lake City School District (Santa Fe Springs),Education
Long Beach CCD,Education
Los Nietos School District,Education
Los Rios CCD,Education
Lynwood USD,Education
Manhattan Beach USD,Education
Mendocino-Lake CCD,Education
Merced CCD,Education
Montebello USD,Education
Mt. Jacinto CCD,Education
Mt. SAC CCD,Education
Napa Valley USD,Education
North Orange County CCD,Education
Palmdale School District,Education
Palomar CCD,Education
Palos Verdes Peninsula USD,Education
Paramount USD,Education
Pasadena CCD,Education
Pasadena USD,Education
Peralta CCD,Education
Pomona USD,Education
Poway USD,Education
RCTC,Education
Rancho Santiago CCD,Education
Redondo Beach USD,Education
Redwoods CCD,Education
Rio Hondo CCD,Education
Riverside CCD,Education
Riverside USD,Education
Romoland SD,Education
STO California of,Education
Sacramento City USD,Education
Saint Mary's College of CA,Education
Salinas City ESD,Education
Salinas UHSD,Education
San Benito HSD,Education
San Bernardino CCD,Education
San Diego CCD,Education
San Diego Unified School District,Education
San Francisco CCD,Education
San Francisco USD,Education
San Jacinto USD,Education
San Joaquin Delta CCD,Education
San Jose Evergreen CCD,Education
San Marcos CSU,Education
Santa Monica CCD,Education
Santa Monica Malibu USD,Education
Saugus USD,Education
Shasta Tehama Trinity JCCD,Education
Sierra College,Education
Solano Beach SD,Education
Solano CCD,Education
Solano EDC,Education
Southwestern CCD,Education
Stanford University,Education
State Center CCD,Education
Sweetwater Union High School District,Education
Temecula Valley USD,Education
UC Regents,Education
USC,Education
Val Verde USD,Education
Vallejo City USD,Education
West Hills CCD,Education
Westside USD,Education
Whittier Uino High School District,Education
William S Hart USD,Education
Woodland JUSD,Education
Yuba CCD,Education
ABAG,General Government
Agoura Hills City of,General Government
Alameda City of,General Government
Alameda County of,General Government
Alhambra City of,General Government
Altadena City of,General Government
Anaheim City of,General Government
Arcadia City of,General Government
Avenal City of,General Government
Azusa City of,General Government
Baldwin Park City of,General Government
Berkeley City of,General Government
Brawley City of,General Government
Buena Park,General Government
Buena Park City of,General Government
CACTTC,General Government
CDIAC,General Government
CSCDA,General Government
Calabasas City of,General Government
Calexico City of,General Government
California Infrastructure and Economic Development Bank State,General Government
Calipatria City of,General Government
Carlsbad City of,General Government
Carson City of,General Government
Cerritos City of,General Government
Chino City of,General Government
Chula Vista City of,General Government
City of EI Centro,General Government
City of Vernon,General Government
Clovis City of,General Government
Coachella City of,General Government
Colton City of,General Government
Commerce City of,General Government
Corona City of,General Government
Costa Mesa City of,General Government
Cudahy City of,General Government
Davis City of,General Government
Delano City of,General Government
Dixon City of,General Government
Downey City of,General Government
Dublin City of,General Government
EI Centro City of,General Government
EI Monte City,General Government
EI Segundo City of,General Government
Eastvale City of,General Government
Eik Grove City of,General Government
Emeryvile City of,General Government
Escondido City of,General Government
Fairfield City of,General Government
Fillmore City of,General Government
Folsom City of,General Government
Fontana City of,General Government
Fowler City of,General Government
Fresno City of,General Government
Garden Grove,General Government
Glendale City of,General Government
Hanford City of,General Government
Hawaiian Gardens City of,General Government
Hawtorne City of,General Government
Hayward City of,General Government
Hermosa Beach City of,General Government
Hidden Hills City of,General Government
Holtville City of,General Government
Huntington Beach City of,General Government
Huron City of,General Government
Imperial County,General Government
Imperial County of,General Government
Indian Wells City of,General Government
Indio City of,General Government
Industry City of,General Government
Inglewood City of,General Government
Irvine City of,General Government
Jurupa City of,General Government
Kern County of,General Government
LMU,General Government
La Verne City of,General Government
Lafayette City of,General Government
Laguna Beach City of,General Government
Lake Elsinore,General Government
Lakewood City of,General Government
Lancaster City of,General Government
Lathrop City of,General Government
Lawndale City of,General Government
Lemoore City of,General Government
Lincoln City of,General Government
Lompoc City of,General Government
Long Beach City of,General Government
Los Angeles County of,General Government
Lynwood City of,General Government
Madera County of,General Government
Manhattan Beach City of,General Government
Maywood City of,General Government
McFarland City of,General Government
Menifee City of,General Government
Mentebello City of,General Government
Milpitas City of,General Government
Modesto City of,General Government
Montery County of,General Government
Montery Park City of,General Government
Moraga Town of,General Government
Moreno Valley City of,General Government
Mountain View City of,General Government
Napa City of,General Government
Newport City of,General Government
Norco City of,General Government
Norwalk City of,General Government
Novato City of,General Government
Oakland City of,General Government
Oakley City of,General Government
Oceanside City of,General Government
Ontario City of,General Government
Orange County,General Government
Oxnard City of,General Government
Pacifica City of,General Government
Palm Desert City of,General Government
Palm Springs City of,General Government
Palmdale City of,General Government
Pasadena City of,General Government
Paso Robles City of,General Government
Patterson City of,General Government
Perris City of,General Government
Pico Rivera City of,General Government
Pismo Beach City of,General Government
Pittsburg City of,General Government
Placentia City of,General Government
Placer County of,General Government
Pomona City of,General Government
Rancho Cordova City of,General Government
Rancho Mirage City of,General Government
Redondo Beach,General Government
Redwood City City of,General Government
Rialto City of,General Government
Richmond City of,General Government
Ridgecrest City of,General Government
Riverside City of,General Government
Riverside County of,General Government
Rocklin City of,General Government
Rosemead City of,General Government
Roseville City of,General Government
SCAG,General Government
Sacramento City of,General Government
Sacramento County of,General Government
Salinas City of,General Government
San Bernardino City of,General Government
San Bernardino County of,General Government
San Diego City of,General Government
San Diego County of,General Government
San Fernando City of,General Government
San Francisco City and County,General Government
San Gabriel City of,General Government
San Jose City of,General Government
San Luis Obispo,General Government
San Mateo City of,General Government
San Mateo County of,General Government
San Pablo City of,General Government
San Rafael City of,General Government
Sandag,General Government
Santa Ana City,General Government
Santa Ana City of,General Government
Santa Barbara County of,General Government
Santa Clara County of,General Government
Santa Cruz County,General Government
Santa Fe Springs City of,General Government
Santa Monica City of,General Government
Santa Paula City of,General Government
Santa Rosa,General Government
Segundo City of,General Government
Shasta County,General Government
Simi Valley City of,General Government
Soledad City of,General Government
Sonora City of,General Government
South EI Monte City of,General Government
South Gate City of,General Government
South Pasadena City,General Government
South San Francisco City of,General Government
Stanislaus County of,General Government
Stockton City of,General Government
Sunnyvale City of,General Government
Susanville City of,General Government
Temecula City of,General Government
Tempe City of,General Government
Torrance City of,General Government
Tracy City of,General Government
Tulare City of,General Government
Union City City of,General Government
Upland City of,General Government
Valleo City of,General Government
Ventura County of,General Government
Vernon City of,General Government
Vista City of,General Government
Watsonville City of,General Government
West Covina City of,General Government
West Sacramento City of,General Government
Whittier city of,General Government
Yucca Valley,General Government
League of California Cities,Government Relations
California Endowment Fund,Healthcare
California Health Facilities Financing Authority,Healthcare
Sutter Health,Healthcare
California Housing,Housing
Kosmont,Housing
Taylor Builders,Housing
Opus Caritatis Inc,Nonprofit
SoLA,Nonprofit
Alameda Corridor Transportation Authority,Transportation
BART,Transportation
California High Speed Rail Authority,Transportation
Hollywood Burbank Airport (BUR),Transportation
MTC,Transportation
Montery Peninsula Airport District,Transportation
Ontario International Airport,Transportation
Penninsula Corridor Joint Power Board,Transportation
Port of Long Beach,Transportation
Port of Oakland,Transportation
Sacramento County Airport,Transportation
San Bernardino International Airport,Transportation
San Diego County Regional Airport Authority,Transportation
San Francisco Airport,Transportation
San Mateo County Transit District,Transportation
Santa Clara Valley Transportation Authroity (VTA),Transportation
Santa Cruz METRO,Transportation
Santa Cruz Metro Transit District,Transportation
Transit Agency,Transportation
Transportation Corridor Agency,Transportation
California Community Choice Financing Authority,Utilities
California Department of Water Resources_DWR,Utilities
California State Water Resources Control Board,Utilities
Central Basin Water District,Utilities
Coachella Valley Water District,Utilities
Delta Diablo,Utilities
East Bay Municipal Utility District,Utilities
East Valley Water District,Utilities
Eastern Municipal Utility District,Utilities
Imperial Irrigation District,Utilities
Kirkwood Meadows PUD,Utilities
LADWP,Utilities
Lincoln-SMD1 Wastewater Authority,Utilities
Livermore Valley Water Financing Authority,Utilities
Marina Coast Water District,Utilities
Metropolitan Water District of Southern California,Utilities
Montecito Water District,Utilities
Mountain House CSD,Utilities
NY Wires,Utilities
Northern California Power Agency,Utilities
PG&E,Utilities
Redwood Coast Energy Authority,Utilities
Root Creek Water District,Utilities
Ross Valley Sanitation District,Utilities
Rowland Water District,Utilities
SFPUC,Utilities
Sacramento Municipal Utility District,Utilities
San Diego County Water Authority,Utilities
San Francisco Public Utilities Commission,Utilities
San Joaquin Area Flood Control Agency,Utilities
Santa Clara Valley Water District,Utilities
Santa Margarita Water District,Utilities
Silicon Valley Clean Water,Utilities
Solano Irrigation District,Utilities
Soquel Creek Water District,Utilities
Southern California Public Power Authority,Utilities
Suisun Solano Water Authority,Utilities
Transmission Agency of Northern California,Utilities
Valley County Water District,Utilities
Water Boards,Utilities
Western Placer Waste Management Authority,Utilities
